{"format_version":"1.8.0","animations":{"timedbomb":{"animation_length":1.96,"bones":{"bone":{"rotation":{"0.0":{"vector":[-266.59029,-61.87343,227.01902]},"0.32":{"vector":[-261.87647,78.24709,237.96627]},"0.36":{"vector":[-266.59029,-61.87343,227.01902]},"0.72":{"vector":[-261.87647,78.24709,237.96627]},"0.76":{"vector":[-266.59029,-61.87343,227.01902]},"1.08":{"vector":[-261.87647,78.24709,237.96627]},"1.12":{"vector":[-266.59029,-61.87343,227.01902]},"1.4":{"vector":[-261.87647,78.24709,237.96627]},"1.44":{"vector":[-266.59029,-61.87343,227.01902]},"1.6":{"vector":[-261.87647,78.24709,237.96627]},"1.64":{"vector":[-266.59029,-61.87343,227.01902]},"1.76":{"vector":[-261.87647,78.24709,237.96627]},"1.8":{"vector":[-266.59029,-61.87343,227.01902]},"1.92":{"vector":[-261.87647,78.24709,237.96627]},"1.96":{"vector":[-266.59029,-61.87343,227.01902]}}},"bone2":{"rotation":{"0.0":{"vector":[0,0,0]},"0.32":{"vector":[0,2.5,-2.5]},"0.6":{"vector":[-2.60912,-2.49762,0.00238]},"1.0":{"vector":[4.77763,2.70792,-2.71884]},"1.36":{"vector":[-0.15763,-9.7484,-3.7669]},"1.6":{"vector":[-0.16103,15.2515,-3.83595]},"1.68":{"vector":[-0.15661,-7.24841,-3.77383]},"1.76":{"vector":[-0.15553,2.75155,-3.80106]},"1.8":{"vector":[-0.15763,-9.7484,-3.7669]},"1.84":{"vector":[-0.16267,-17.24838,-3.74535]},"1.88":{"vector":[-0.65054,22.73402,-6.5052]},"1.92":{"vector":[-5.06526,-19.13877,7.20522]},"1.96":{"vector":[-45.44576,-19.67065,-14.00543]}},"position":{"vector":[0,0,0]}},"bone3":{"rotation":{"vector":[0,0,0]},"position":{"1.6":{"vector":[0,0,0]},"1.64":{"vector":[0,0,0]},"1.88":{"vector":[0,-3,0]}},"scale":{"1.64":{"vector":[1,1,1]},"1.68":{"vector":[1,3.1,1]},"1.88":{"vector":[1,1.1,1]}}},"bone4":{"rotation":{"0.0":{"vector":[0,0,0]},"0.2":{"vector":[0,0,7.5]},"0.44":{"vector":[0,0,0]},"0.64":{"vector":[0,0,7.5]},"0.88":{"vector":[0,0,0]},"1.08":{"vector":[0,0,7.5]},"1.28":{"vector":[0,0,0]},"1.48":{"vector":[0,0,7.5]}}}}}},"geckolib_format_version":2}